DATE,CBETHUSD,Median_Low,Median_High,Median,AVG
2016-05-19,14.9,14.17,14.9,14.535,14.535
2016-05-20,14.17,14.17,14.9,14.535,14.535
2016-05-23,13.61,12.47,12.61,12.54,12.409999999999998
2016-05-24,12.77,12.47,12.61,12.54,12.409999999999998
2016-05-25,12.61,12.47,12.61,12.54,12.409999999999998
2016-05-26,12.47,12.47,12.61,12.54,12.409999999999998
2016-05-27,10.98,12.47,12.61,12.54,12.409999999999998
2016-05-28,12.02,12.47,12.61,12.54,12.409999999999998
2016-05-29,12.34,13.95,13.95,13.95,13.61
2016-05-30,12.88,13.95,13.95,13.95,13.61
2016-05-31,14.16,13.95,13.95,13.95,13.61
2016-06-01,13.93,13.95,13.95,13.95,13.61
2016-06-02,14.03,13.95,13.95,13.95,13.61
2016-06-03,13.98,13.95,13.95,13.95,13.61
2016-06-04,13.95,13.95,13.95,13.95,13.61
2016-06-05,14.04,14.22,14.22,14.22,14.305714285714286
2016-06-06,14.22,14.22,14.22,14.22,14.305714285714286
2016-06-07,14.52,14.22,14.22,14.22,14.305714285714286
2016-06-08,14.64,14.22,14.22,14.22,14.305714285714286
2016-06-09,14.71,14.22,14.22,14.22,14.305714285714286
2016-06-10,13.91,14.22,14.22,14.22,14.305714285714286
2016-06-11,14.1,14.22,14.22,14.22,14.305714285714286
2016-06-12,15.58,17.89,17.89,17.89,16.994285714285716
2016-06-13,17.89,17.89,17.89,17.89,16.994285714285716
2016-06-14,18.79,17.89,17.89,17.89,16.994285714285716
2016-06-15,18.42,17.89,17.89,17.89,16.994285714285716
2016-06-16,20.99,17.89,17.89,17.89,16.994285714285716
2016-06-17,15.65,17.89,17.89,17.89,16.994285714285716
2016-06-18,11.64,17.89,17.89,17.89,16.994285714285716
2016-06-19,12.35,13.81,13.81,13.81,13.422857142857143
2016-06-20,11.81,13.81,13.81,13.81,13.422857142857143
2016-06-21,13.89,13.81,13.81,13.81,13.422857142857143
2016-06-22,13.18,13.81,13.81,13.81,13.422857142857143
2016-06-23,13.81,13.81,13.81,13.81,13.422857142857143
2016-06-24,14.55,13.81,13.81,13.81,13.422857142857143
2016-06-25,14.37,13.81,13.81,13.81,13.422857142857143
2016-06-26,14.02,12.49,12.49,12.49,12.858571428571429
2016-06-27,14.1,12.49,12.49,12.49,12.858571428571429
2016-06-28,12.23,12.49,12.49,12.49,12.858571428571429
2016-06-29,12.74,12.49,12.49,12.49,12.858571428571429
2016-06-30,12.49,12.49,12.49,12.49,12.858571428571429
2016-07-01,12.34,12.49,12.49,12.49,12.858571428571429
2016-07-02,12.09,12.49,12.49,12.49,12.858571428571429
2016-07-03,12.02,11.01,11.01,11.01,11.032857142857143
2016-07-04,11.48,11.01,11.01,11.01,11.032857142857143
2016-07-05,10.6,11.01,11.01,11.01,11.032857142857143
2016-07-06,10.61,11.01,11.01,11.01,11.032857142857143
2016-07-07,10.08,11.01,11.01,11.01,11.032857142857143
2016-07-08,11.43,11.01,11.01,11.01,11.032857142857143
2016-07-09,11.01,11.01,11.01,11.01,11.032857142857143
2016-07-10,11.02,11.02,11.02,11.02,11.172857142857143
2016-07-11,10.72,11.02,11.02,11.02,11.172857142857143
2016-07-12,10.57,11.02,11.02,11.02,11.172857142857143
2016-07-13,10.49,11.02,11.02,11.02,11.172857142857143
2016-07-14,11.62,11.02,11.02,11.02,11.172857142857143
2016-07-15,11.99,11.02,11.02,11.02,11.172857142857143
2016-07-16,11.8,11.02,11.02,11.02,11.172857142857143
2016-07-17,11.33,12.5,12.5,12.5,12.677142857142856
2016-07-18,11.05,12.5,12.5,12.5,12.677142857142856
2016-07-19,11.75,12.5,12.5,12.5,12.677142857142856
2016-07-20,12.5,12.5,12.5,12.5,12.677142857142856
2016-07-21,12.76,12.5,12.5,12.5,12.677142857142856
2016-07-22,14.83,12.5,12.5,12.5,12.677142857142856
2016-07-23,14.52,12.5,12.5,12.5,12.677142857142856
2016-07-24,12.78,12.84,12.84,12.84,12.864285714285714
2016-07-25,13.91,12.84,12.84,12.84,12.864285714285714
2016-07-26,12,12.84,12.84,12.84,12.864285714285714
2016-07-27,13.1,12.84,12.84,12.84,12.864285714285714
2016-07-28,12.93,12.84,12.84,12.84,12.864285714285714
2016-07-29,12.84,12.84,12.84,12.84,12.864285714285714
2016-07-30,12.49,12.84,12.84,12.84,12.864285714285714
2016-07-31,11.99,11.01,11.01,11.01,10.844285714285714
2016-08-01,10.95,11.01,11.01,11.01,10.844285714285714
2016-08-02,8.78,11.01,11.01,11.01,10.844285714285714
2016-08-03,10.68,11.01,11.01,11.01,10.844285714285714
2016-08-04,11.32,11.01,11.01,11.01,10.844285714285714
2016-08-05,11.18,11.01,11.01,11.01,10.844285714285714
2016-08-06,11.01,11.01,11.01,11.01,10.844285714285714
2016-08-07,10.99,11.73,11.73,11.73,11.709999999999999
2016-08-08,11.34,11.73,11.73,11.73,11.709999999999999
2016-08-09,12.28,11.73,11.73,11.73,11.709999999999999
2016-08-10,12.21,11.73,11.73,11.73,11.709999999999999
2016-08-11,11.73,11.73,11.73,11.73,11.709999999999999
2016-08-12,11.81,11.73,11.73,11.73,11.709999999999999
2016-08-13,11.61,11.73,11.73,11.73,11.709999999999999
2016-08-14,11.28,11.18,11.18,11.18,11.06
2016-08-15,11.3,11.18,11.18,11.18,11.06
2016-08-16,11.18,11.18,11.18,11.18,11.06
2016-08-17,10.82,11.18,11.18,11.18,11.06
2016-08-18,10.77,11.18,11.18,11.18,11.06
2016-08-19,10.77,11.18,11.18,11.18,11.06
2016-08-20,11.3,11.18,11.18,11.18,11.06
2016-08-21,11.21,11.18,11.18,11.18,11.16
2016-08-22,11.1,11.18,11.18,11.18,11.16
2016-08-23,11,11.18,11.18,11.18,11.16
2016-08-24,11.01,11.18,11.18,11.18,11.16
2016-08-25,11.34,11.18,11.18,11.18,11.16
2016-08-26,11.28,11.18,11.18,11.18,11.16
2016-08-27,11.18,11.18,11.18,11.18,11.16
2016-08-28,11.01,11.7,11.7,11.7,11.564285714285715
2016-08-29,10.95,11.7,11.7,11.7,11.564285714285715
2016-08-30,11.21,11.7,11.7,11.7,11.564285714285715
2016-08-31,11.7,11.7,11.7,11.7,11.564285714285715
2016-09-01,12.05,11.7,11.7,11.7,11.564285714285715
2016-09-02,12.15,11.7,11.7,11.7,11.564285714285715
2016-09-03,11.88,11.7,11.7,11.7,11.564285714285715
2016-09-04,11.77,11.71,11.71,11.71,11.722857142857142
2016-09-05,11.76,11.71,11.71,11.71,11.722857142857142
2016-09-06,11.71,11.71,11.71,11.71,11.722857142857142
2016-09-07,11.58,11.71,11.71,11.71,11.722857142857142
2016-09-08,11.39,11.71,11.71,11.71,11.722857142857142
2016-09-09,11.64,11.71,11.71,11.71,11.722857142857142
2016-09-10,12.21,11.71,11.71,11.71,11.722857142857142
2016-09-11,11.65,11.92,11.92,11.92,12.095714285714285
2016-09-12,11.86,11.92,11.92,11.92,12.095714285714285
2016-09-13,11.92,11.92,11.92,11.92,12.095714285714285
2016-09-14,11.91,11.92,11.92,11.92,12.095714285714285
2016-09-15,11.96,11.92,11.92,11.92,12.095714285714285
2016-09-16,12.58,11.92,11.92,11.92,12.095714285714285
2016-09-17,12.79,11.92,11.92,11.92,12.095714285714285
2016-09-18,12.64,13.2,13.2,13.2,13.381428571428572
2016-09-19,13.17,13.2,13.2,13.2,13.381428571428572
2016-09-20,14.56,13.2,13.2,13.2,13.381428571428572
2016-09-21,13.76,13.2,13.2,13.2,13.381428571428572
2016-09-22,13.2,13.2,13.2,13.2,13.381428571428572
2016-09-23,13.37,13.2,13.2,13.2,13.381428571428572
2016-09-24,12.97,13.2,13.2,13.2,13.381428571428572
2016-09-25,13.12,13.12,13.12,13.12,13.132857142857144
2016-09-26,12.84,13.12,13.12,13.12,13.132857142857144
2016-09-27,13.09,13.12,13.12,13.12,13.132857142857144
2016-09-28,13.32,13.12,13.12,13.12,13.132857142857144
2016-09-29,13.11,13.12,13.12,13.12,13.132857142857144
2016-09-30,13.23,13.12,13.12,13.12,13.132857142857144
2016-10-01,13.22,13.12,13.12,13.12,13.132857142857144
2016-10-02,13.28,13.09,13.09,13.09,13.002857142857142
2016-10-03,13.51,13.09,13.09,13.09,13.002857142857142
2016-10-04,13.32,13.09,13.09,13.09,13.002857142857142
2016-10-05,13.09,13.09,13.09,13.09,13.002857142857142
2016-10-06,12.86,13.09,13.09,13.09,13.002857142857142
2016-10-07,12.7,13.09,13.09,13.09,13.002857142857142
2016-10-08,12.26,13.09,13.09,13.09,13.002857142857142
2016-10-09,12.1,11.92,11.92,11.92,11.901428571428571
2016-10-10,11.78,11.92,11.92,11.92,11.901428571428571
2016-10-11,11.77,11.92,11.92,11.92,11.901428571428571
2016-10-12,11.92,11.92,11.92,11.92,11.901428571428571
2016-10-13,11.87,11.92,11.92,11.92,11.901428571428571
2016-10-14,11.92,11.92,11.92,11.92,11.901428571428571
2016-10-15,11.95,11.92,11.92,11.92,11.901428571428571
2016-10-16,11.95,12.03,12.03,12.03,12.085714285714285
2016-10-17,11.96,12.03,12.03,12.03,12.085714285714285
2016-10-18,12.54,12.03,12.03,12.03,12.085714285714285
2016-10-19,12.01,12.03,12.03,12.03,12.085714285714285
2016-10-20,12.06,12.03,12.03,12.03,12.085714285714285
2016-10-21,12.05,12.03,12.03,12.03,12.085714285714285
2016-10-22,12.03,12.03,12.03,12.03,12.085714285714285
2016-10-23,11.94,11.48,11.48,11.48,11.394285714285715
2016-10-24,11.92,11.48,11.48,11.48,11.394285714285715
2016-10-25,11.33,11.48,11.48,11.48,11.394285714285715
2016-10-26,11.49,11.48,11.48,11.48,11.394285714285715
2016-10-27,11.48,11.48,11.48,11.48,11.394285714285715
2016-10-28,11.13,11.48,11.48,11.48,11.394285714285715
2016-10-29,10.47,11.48,11.48,11.48,11.394285714285715
2016-10-30,11.19,10.97,10.97,10.97,11.001428571428573
2016-10-31,10.97,10.97,10.97,10.97,11.001428571428573
2016-11-01,10.84,10.97,10.97,10.97,11.001428571428573
2016-11-02,10.83,10.97,10.97,10.97,11.001428571428573
2016-11-03,10.87,10.97,10.97,10.97,11.001428571428573
2016-11-04,11.15,10.97,10.97,10.97,11.001428571428573
2016-11-05,11.16,10.97,10.97,10.97,11.001428571428573
2016-11-06,11.01,10.62,10.62,10.62,10.592857142857142
2016-11-07,10.93,10.62,10.62,10.62,10.592857142857142
2016-11-08,10.84,10.62,10.62,10.62,10.592857142857142
2016-11-09,10.62,10.62,10.62,10.62,10.592857142857142
2016-11-10,10.51,10.62,10.62,10.62,10.592857142857142
2016-11-11,10.29,10.62,10.62,10.62,10.592857142857142
2016-11-12,9.95,10.62,10.62,10.62,10.592857142857142
2016-11-13,10.14,10.0,10.0,10.0,9.932857142857143
2016-11-14,10.02,10.0,10.0,10.0,9.932857142857143
2016-11-15,10.27,10.0,10.0,10.0,9.932857142857143
2016-11-16,10,10.0,10.0,10.0,9.932857142857143
2016-11-17,9.91,10.0,10.0,10.0,9.932857142857143
2016-11-18,9.51,10.0,10.0,10.0,9.932857142857143
2016-11-19,9.68,10.0,10.0,10.0,9.932857142857143
2016-11-20,9.6,9.54,9.54,9.54,9.531428571428572
2016-11-21,9.54,9.54,9.54,9.54,9.531428571428572
2016-11-22,9.87,9.54,9.54,9.54,9.531428571428572
2016-11-23,9.8,9.54,9.54,9.54,9.531428571428572
2016-11-24,9.18,9.54,9.54,9.54,9.531428571428572
2016-11-25,9.4,9.54,9.54,9.54,9.531428571428572
2016-11-26,9.33,9.54,9.54,9.54,9.531428571428572
2016-11-27,8.98,8.45,8.45,8.45,8.348571428571429
2016-11-28,8.67,8.45,8.45,8.45,8.348571428571429
2016-11-29,8.14,8.45,8.45,8.45,8.348571428571429
2016-11-30,8.61,8.45,8.45,8.45,8.348571428571429
2016-12-01,8.45,8.45,8.45,8.45,8.348571428571429
2016-12-02,7.73,8.45,8.45,8.45,8.348571428571429
2016-12-03,7.86,8.45,8.45,8.45,8.348571428571429
2016-12-04,7.37,8.14,8.14,8.14,7.872857142857143
2016-12-05,6.75,8.14,8.14,8.14,7.872857142857143
2016-12-06,7.83,8.14,8.14,8.14,7.872857142857143
2016-12-07,8.35,8.14,8.14,8.14,7.872857142857143
2016-12-08,8.2,8.14,8.14,8.14,7.872857142857143
2016-12-09,8.47,8.14,8.14,8.14,7.872857142857143
2016-12-10,8.14,8.14,8.14,8.14,7.872857142857143
2016-12-11,8.23,8.23,8.23,8.23,8.128571428571428
2016-12-12,8.5,8.23,8.23,8.23,8.128571428571428
2016-12-13,8.41,8.23,8.23,8.23,8.128571428571428
2016-12-14,8.24,8.23,8.23,8.23,8.128571428571428
2016-12-15,7.83,8.23,8.23,8.23,8.128571428571428
2016-12-16,7.84,8.23,8.23,8.23,8.128571428571428
2016-12-17,7.85,8.23,8.23,8.23,8.128571428571428
2016-12-18,7.92,7.64,7.64,7.64,7.572857142857143
2016-12-19,7.64,7.64,7.64,7.64,7.572857142857143
2016-12-20,7.64,7.64,7.64,7.64,7.572857142857143
2016-12-21,7.91,7.64,7.64,7.64,7.572857142857143
2016-12-22,7.55,7.64,7.64,7.64,7.572857142857143
2016-12-23,7.13,7.64,7.64,7.64,7.572857142857143
2016-12-24,7.22,7.64,7.64,7.64,7.572857142857143
2016-12-25,7.19,7.62,7.62,7.62,7.698571428571428
2016-12-26,7.26,7.62,7.62,7.62,7.698571428571428
2016-12-27,7.16,7.62,7.62,7.62,7.698571428571428
2016-12-28,7.62,7.62,7.62,7.62,7.698571428571428
2016-12-29,8.29,7.62,7.62,7.62,7.698571428571428
2016-12-30,8.21,7.62,7.62,7.62,7.698571428571428
2016-12-31,8.16,7.62,7.62,7.62,7.698571428571428
2017-01-01,8.18,9.92,9.92,9.92,9.65857142857143
2017-01-02,8.38,9.92,9.92,9.92,9.65857142857143
2017-01-03,9.59,9.92,9.92,9.92,9.65857142857143
2017-01-04,11.17,9.92,9.92,9.92,9.65857142857143
2017-01-05,10.23,9.92,9.92,9.92,9.65857142857143
2017-01-06,10.14,9.92,9.92,9.92,9.65857142857143
2017-01-07,9.92,9.92,9.92,9.92,9.65857142857143
2017-01-08,10.5,9.95,9.95,9.95,10.138571428571428
2017-01-09,10.39,9.95,9.95,9.95,10.138571428571428
2017-01-10,10.63,9.95,9.95,9.95,10.138571428571428
2017-01-11,9.95,9.95,9.95,9.95,10.138571428571428
2017-01-12,9.8,9.95,9.95,9.95,10.138571428571428
2017-01-13,9.84,9.95,9.95,9.95,10.138571428571428
2017-01-14,9.86,9.95,9.95,9.95,10.138571428571428
2017-01-15,9.9,10.34,10.34,10.34,10.299999999999999
2017-01-16,9.66,10.34,10.34,10.34,10.299999999999999
2017-01-17,10.34,10.34,10.34,10.34,10.299999999999999
2017-01-18,10.23,10.34,10.34,10.34,10.299999999999999
2017-01-19,10.42,10.34,10.34,10.34,10.299999999999999
2017-01-20,10.62,10.34,10.34,10.34,10.299999999999999
2017-01-21,10.93,10.34,10.34,10.34,10.299999999999999
2017-01-22,10.77,10.58,10.58,10.58,10.631428571428572
2017-01-23,10.8,10.58,10.58,10.58,10.631428571428572
2017-01-24,10.57,10.58,10.58,10.58,10.631428571428572
2017-01-25,10.55,10.58,10.58,10.58,10.631428571428572
2017-01-26,10.6,10.58,10.58,10.58,10.631428571428572
2017-01-27,10.55,10.58,10.58,10.58,10.631428571428572
2017-01-28,10.58,10.58,10.58,10.58,10.631428571428572
2017-01-29,10.49,10.72,10.72,10.72,10.81857142857143
2017-01-30,10.6,10.72,10.72,10.72,10.81857142857143
2017-01-31,10.7,10.72,10.72,10.72,10.81857142857143
2017-02-01,10.72,10.72,10.72,10.72,10.81857142857143
2017-02-02,10.82,10.72,10.72,10.72,10.81857142857143
2017-02-03,10.99,10.72,10.72,10.72,10.81857142857143
2017-02-04,11.41,10.72,10.72,10.72,10.81857142857143
2017-02-05,11.26,11.41,11.41,11.41,11.355714285714285
2017-02-06,11.34,11.41,11.41,11.41,11.355714285714285
2017-02-07,11.51,11.41,11.41,11.41,11.355714285714285
2017-02-08,11.41,11.41,11.41,11.41,11.355714285714285
2017-02-09,11.02,11.41,11.41,11.41,11.355714285714285
2017-02-10,11.43,11.41,11.41,11.41,11.355714285714285
2017-02-11,11.52,11.41,11.41,11.41,11.355714285714285
2017-02-12,11.5,12.89,12.89,12.89,12.51142857142857
2017-02-13,11.43,12.89,12.89,12.89,12.51142857142857
2017-02-14,13.14,12.89,12.89,12.89,12.51142857142857
2017-02-15,12.98,12.89,12.89,12.89,12.51142857142857
2017-02-16,12.89,12.89,12.89,12.89,12.51142857142857
2017-02-17,12.75,12.89,12.89,12.89,12.51142857142857
2017-02-18,12.89,12.89,12.89,12.89,12.51142857142857
2017-02-19,12.9,12.9,12.9,12.9,13.021428571428572
2017-02-20,12.61,12.9,12.9,12.9,13.021428571428572
2017-02-21,12.83,12.9,12.9,12.9,13.021428571428572
2017-02-22,12.75,12.9,12.9,12.9,13.021428571428572
2017-02-23,13.21,12.9,12.9,12.9,13.021428571428572
2017-02-24,13.2,12.9,12.9,12.9,13.021428571428572
2017-02-25,13.65,12.9,12.9,12.9,13.021428571428572
2017-02-26,14.74,17.37,17.37,17.37,17.395714285714284
2017-02-27,15.66,17.37,17.37,17.37,17.395714285714284
2017-02-28,16.4,17.37,17.37,17.37,17.395714285714284
2017-03-01,17.37,17.37,17.37,17.37,17.395714285714284
2017-03-02,19.27,17.37,17.37,17.37,17.395714285714284
2017-03-03,19.68,17.37,17.37,17.37,17.395714285714284
2017-03-04,18.65,17.37,17.37,17.37,17.395714285714284
2017-03-05,19.4,19.2,19.2,19.2,19.054285714285715
2017-03-06,19.68,19.2,19.2,19.2,19.054285714285715
2017-03-07,18.96,19.2,19.2,19.2,19.054285714285715
2017-03-08,16.68,19.2,19.2,19.2,19.054285714285715
2017-03-09,17.82,19.2,19.2,19.2,19.054285714285715
2017-03-10,19.2,19.2,19.2,19.2,19.054285714285715
2017-03-11,21.64,19.2,19.2,19.2,19.054285714285715
2017-03-12,23.39,33.64,33.64,33.64,34.37
2017-03-13,28.64,33.64,33.64,33.64,34.37
2017-03-14,28.69,33.64,33.64,33.64,34.37
2017-03-15,35.65,33.64,33.64,33.64,34.37
2017-03-16,45.96,33.64,33.64,33.64,34.37
2017-03-17,44.62,33.64,33.64,33.64,34.37
2017-03-18,33.64,33.64,33.64,33.64,34.37
2017-03-19,43.21,42.99,42.99,42.99,45.09571428571429
2017-03-20,42.31,42.99,42.99,42.99,45.09571428571429
2017-03-21,42.36,42.99,42.99,42.99,45.09571428571429
2017-03-22,41.37,42.99,42.99,42.99,45.09571428571429
2017-03-23,42.99,42.99,42.99,42.99,45.09571428571429
2017-03-24,52.93,42.99,42.99,42.99,45.09571428571429
2017-03-25,50.5,42.99,42.99,42.99,45.09571428571429
2017-03-26,50.73,50.71,50.71,50.71,50.83857142857143
2017-03-27,48.97,50.71,50.71,50.71,50.83857142857143
2017-03-28,50.3,50.71,50.71,50.71,50.83857142857143
2017-03-29,53.1,50.71,50.71,50.71,50.83857142857143
2017-03-30,51.88,50.71,50.71,50.71,50.83857142857143
2017-03-31,50.18,50.71,50.71,50.71,50.83857142857143
2017-04-01,50.71,50.71,50.71,50.71,50.83857142857143
2017-04-02,48.74,44.45,44.45,44.45,44.61571428571428
2017-04-03,44.25,44.45,44.45,44.45,44.61571428571428
2017-04-04,44.47,44.45,44.45,44.45,44.61571428571428
2017-04-05,44.78,44.45,44.45,44.45,44.61571428571428
2017-04-06,43.3,44.45,44.45,44.45,44.61571428571428
2017-04-07,42.32,44.45,44.45,44.45,44.61571428571428
2017-04-08,44.45,44.45,44.45,44.45,44.61571428571428
2017-04-09,43.92,46.48,46.48,46.48,46.294285714285714
2017-04-10,43.92,46.48,46.48,46.48,46.294285714285714
2017-04-11,43.83,46.48,46.48,46.48,46.294285714285714
2017-04-12,46.48,46.48,46.48,46.48,46.294285714285714
2017-04-13,49.77,46.48,46.48,46.48,46.294285714285714
2017-04-14,47.2,46.48,46.48,46.48,46.294285714285714
2017-04-15,48.94,46.48,46.48,46.48,46.294285714285714
2017-04-16,48.13,48.37,48.37,48.37,48.57142857142857
2017-04-17,47.94,48.37,48.37,48.37,48.57142857142857
2017-04-18,49.79,48.37,48.37,48.37,48.57142857142857
2017-04-19,47.78,48.37,48.37,48.37,48.57142857142857
2017-04-20,49.38,48.37,48.37,48.37,48.57142857142857
2017-04-21,48.37,48.37,48.37,48.37,48.57142857142857
2017-04-22,48.61,48.37,48.37,48.37,48.57142857142857
2017-04-23,48.96,53.42,53.42,53.42,58.574285714285715
2017-04-24,50.12,53.42,53.42,53.42,58.574285714285715
2017-04-25,50.31,53.42,53.42,53.42,58.574285714285715
2017-04-26,53.42,53.42,53.42,53.42,58.574285714285715
2017-04-27,63.67,53.42,53.42,53.42,58.574285714285715
2017-04-28,73.14,53.42,53.42,53.42,58.574285714285715
2017-04-29,70.4,53.42,53.42,53.42,58.574285714285715
2017-04-30,80.87,81.29,81.29,81.29,86.11428571428571
2017-05-01,79.35,81.29,81.29,81.29,86.11428571428571
2017-05-02,77.55,81.29,81.29,81.29,86.11428571428571
2017-05-03,81.29,81.29,81.29,81.29,86.11428571428571
2017-05-04,95.97,81.29,81.29,81.29,86.11428571428571
2017-05-05,91.93,81.29,81.29,81.29,86.11428571428571
2017-05-06,95.84,81.29,81.29,81.29,86.11428571428571
2017-05-07,93.82,88.36,88.36,88.36,88.55714285714285
2017-05-08,89.25,88.36,88.36,88.36,88.55714285714285
2017-05-09,86.58,88.36,88.36,88.36,88.55714285714285
2017-05-10,88.36,88.36,88.36,88.36,88.55714285714285
2017-05-11,88.3,88.36,88.36,88.36,88.55714285714285
2017-05-12,85.17,88.36,88.36,88.36,88.55714285714285
2017-05-13,88.42,88.36,88.36,88.36,88.55714285714285
2017-05-14,89.39,91.0,91.0,91.0,100.03142857142858
2017-05-15,91,91.0,91.0,91.0,100.03142857142858
2017-05-16,87.98,91.0,91.0,91.0,100.03142857142858
2017-05-17,86.88,91.0,91.0,91.0,100.03142857142858
2017-05-18,96.2,91.0,91.0,91.0,100.03142857142858
2017-05-19,125.14,91.0,91.0,91.0,100.03142857142858
2017-05-20,123.63,91.0,91.0,91.0,100.03142857142858
2017-05-21,148.78,163.8,163.8,163.8,168.58714285714285
2017-05-22,160.1,163.8,163.8,163.8,168.58714285714285
2017-05-23,169.95,163.8,163.8,163.8,168.58714285714285
2017-05-24,196.06,163.8,163.8,163.8,168.58714285714285
2017-05-25,181.51,163.8,163.8,163.8,168.58714285714285
2017-05-26,163.8,163.8,163.8,163.8,168.58714285714285
2017-05-27,159.91,163.8,163.8,163.8,168.58714285714285
2017-05-28,175.48,222.04,222.04,222.04,213.86142857142858
2017-05-29,194.82,222.04,222.04,222.04,213.86142857142858
2017-05-30,228.69,222.04,222.04,222.04,213.86142857142858
2017-05-31,229.14,222.04,222.04,222.04,213.86142857142858
2017-06-01,221.91,222.04,222.04,222.04,213.86142857142858
2017-06-02,222.04,222.04,222.04,222.04,213.86142857142858
2017-06-03,224.95,222.04,222.04,222.04,213.86142857142858
2017-06-04,245.5,258.64,258.64,258.64,270.2314285714286
2017-06-05,248,258.64,258.64,258.64,270.2314285714286
2017-06-06,264.22,258.64,258.64,258.64,270.2314285714286
2017-06-07,255.68,258.64,258.64,258.64,270.2314285714286
2017-06-08,258.64,258.64,258.64,258.64,270.2314285714286
2017-06-09,279.38,258.64,258.64,258.64,270.2314285714286
2017-06-10,340.2,258.64,258.64,258.64,270.2314285714286
2017-06-11,343.01,354.26,354.26,354.26,362.43285714285713
2017-06-12,397.37,354.26,354.26,354.26,362.43285714285713
2017-06-13,388,354.26,354.26,354.26,362.43285714285713
2017-06-14,341.7,354.26,354.26,354.26,362.43285714285713
2017-06-15,343.71,354.26,354.26,354.26,362.43285714285713
2017-06-16,354.26,354.26,354.26,354.26,362.43285714285713
2017-06-17,368.98,354.26,354.26,354.26,362.43285714285713
2017-06-18,351.85,326.99,326.99,326.99,334.06
2017-06-19,358.71,326.99,326.99,326.99,334.06
2017-06-20,350.94,326.99,326.99,326.99,334.06
2017-06-21,325.41,326.99,326.99,326.99,334.06
2017-06-22,320.02,326.99,326.99,326.99,334.06
2017-06-23,326.99,326.99,326.99,326.99,334.06
2017-06-24,304.5,326.99,326.99,326.99,334.06
2017-06-25,278.49,280.04,280.04,280.04,281.4485714285714
2017-06-26,252.99,280.04,280.04,280.04,281.4485714285714
2017-06-27,287.23,280.04,280.04,280.04,281.4485714285714
2017-06-28,315.32,280.04,280.04,280.04,281.4485714285714
2017-06-29,292.95,280.04,280.04,280.04,281.4485714285714
2017-06-30,280.04,280.04,280.04,280.04,281.4485714285714
2017-07-01,263.12,280.04,280.04,280.04,281.4485714285714
2017-07-02,285,266.27,266.27,266.27,264.3957142857143
2017-07-03,276.37,266.27,266.27,266.27,264.3957142857143
2017-07-04,269.2,266.27,266.27,266.27,264.3957142857143
2017-07-05,266.27,266.27,266.27,266.27,264.3957142857143
2017-07-06,266.01,266.27,266.27,266.27,264.3957142857143
2017-07-07,241.28,266.27,266.27,266.27,264.3957142857143
2017-07-08,246.64,266.27,266.27,266.27,264.3957142857143
2017-07-09,238.81,202.86,202.86,202.86,203.74714285714285
2017-07-10,202.86,202.86,202.86,202.86,203.74714285714285
2017-07-11,190.57,202.86,202.86,202.86,203.74714285714285
2017-07-12,224.04,202.86,202.86,202.86,203.74714285714285
2017-07-13,205,202.86,202.86,202.86,203.74714285714285
2017-07-14,197.23,202.86,202.86,202.86,203.74714285714285
2017-07-15,167.72,202.86,202.86,202.86,203.74714285714285
2017-07-16,155.68,216.6,216.6,216.6,205.95000000000002
2017-07-17,190.87,216.6,216.6,216.6,205.95000000000002
2017-07-18,227.01,216.6,216.6,216.6,205.95000000000002
2017-07-19,194.74,216.6,216.6,216.6,205.95000000000002
2017-07-20,226.06,216.6,216.6,216.6,205.95000000000002
2017-07-21,216.6,216.6,216.6,216.6,205.95000000000002
2017-07-22,230.69,216.6,216.6,216.6,205.95000000000002
2017-07-23,228.31,203.78,203.78,203.78,208.69142857142856
2017-07-24,225.96,203.78,203.78,203.78,208.69142857142856
2017-07-25,203.78,203.78,203.78,203.78,208.69142857142856
2017-07-26,203.23,203.78,203.78,203.78,208.69142857142856
2017-07-27,202.94,203.78,203.78,203.78,208.69142857142856
2017-07-28,190.72,203.78,203.78,203.78,208.69142857142856
2017-07-29,205.9,203.78,203.78,203.78,208.69142857142856
2017-07-30,196.95,220.72,220.72,220.72,219.71285714285713
2017-07-31,200.82,220.72,220.72,220.72,219.71285714285713
2017-08-01,225.73,220.72,220.72,220.72,219.71285714285713
2017-08-02,217.92,220.72,220.72,220.72,219.71285714285713
2017-08-03,224,220.72,220.72,220.72,219.71285714285713
2017-08-04,220.72,220.72,220.72,220.72,219.71285714285713
2017-08-05,251.85,220.72,220.72,220.72,219.71285714285713
2017-08-06,263.96,295.95,295.95,295.95,291.94
2017-08-07,269.9,295.95,295.95,295.95,291.94
2017-08-08,295.95,295.95,295.95,295.95,291.94
2017-08-09,295.26,295.95,295.95,295.95,291.94
2017-08-10,300.51,295.95,295.95,295.95,291.94
2017-08-11,309.65,295.95,295.95,295.95,291.94
2017-08-12,308.35,295.95,295.95,295.95,291.94
2017-08-13,296.66,296.66,296.66,296.66,295.7285714285714
2017-08-14,299.16,296.66,296.66,296.66,295.7285714285714
2017-08-15,286.71,296.66,296.66,296.66,295.7285714285714
2017-08-16,300.45,296.66,296.66,296.66,295.7285714285714
2017-08-17,300.67,296.66,296.66,296.66,295.7285714285714
2017-08-18,292.87,296.66,296.66,296.66,295.7285714285714
2017-08-19,293.58,296.66,296.66,296.66,295.7285714285714
2017-08-20,297.79,322.0,322.0,322.0,319.88142857142856
2017-08-21,322,322.0,322.0,322.0,319.88142857142856
2017-08-22,314.19,322.0,322.0,322.0,319.88142857142856
2017-08-23,317.5,322.0,322.0,322.0,319.88142857142856
2017-08-24,324.56,322.0,322.0,322.0,319.88142857142856
2017-08-25,330.14,322.0,322.0,322.0,319.88142857142856
2017-08-26,332.99,322.0,322.0,322.0,319.88142857142856
2017-08-27,348.2,372.48,372.48,372.48,369.89428571428573
2017-08-28,347.54,372.48,372.48,372.48,369.89428571428573
2017-08-29,372.48,372.48,372.48,372.48,369.89428571428573
2017-08-30,384.1,372.48,372.48,372.48,369.89428571428573
2017-08-31,389.2,372.48,372.48,372.48,369.89428571428573
2017-09-01,392.87,372.48,372.48,372.48,369.89428571428573
2017-09-02,354.87,372.48,372.48,372.48,369.89428571428573
2017-09-03,353.06,320.08,320.08,320.08,325.41285714285715
2017-09-04,316.86,320.08,320.08,320.08,325.41285714285715
2017-09-05,320.08,320.08,320.08,320.08,325.41285714285715
2017-09-06,339.38,320.08,320.08,320.08,325.41285714285715
2017-09-07,335.56,320.08,320.08,320.08,325.41285714285715
2017-09-08,307.96,320.08,320.08,320.08,325.41285714285715
2017-09-09,304.99,320.08,320.08,320.08,325.41285714285715
2017-09-10,300.33,275.71,275.71,275.71,272.79714285714283
2017-09-11,298.47,275.71,275.71,275.71,272.79714285714283
2017-09-12,294.5,275.71,275.71,275.71,272.79714285714283
2017-09-13,275.71,275.71,275.71,275.71,272.79714285714283
2017-09-14,223.85,275.71,275.71,275.71,272.79714285714283
2017-09-15,260.88,275.71,275.71,275.71,272.79714285714283
2017-09-16,255.84,275.71,275.71,275.71,272.79714285714283
2017-09-17,259.66,282.8,282.8,282.8,276.0042857142857
2017-09-18,298,282.8,282.8,282.8,276.0042857142857
2017-09-19,282.8,282.8,282.8,282.8,276.0042857142857
2017-09-20,283.55,282.8,282.8,282.8,276.0042857142857
2017-09-21,258.11,282.8,282.8,282.8,276.0042857142857
2017-09-22,263.88,282.8,282.8,282.8,276.0042857142857
2017-09-23,286.03,282.8,282.8,282.8,276.0042857142857
2017-09-24,283.21,294.41,294.41,294.41,296.0028571428571
2017-09-25,294.41,294.41,294.41,294.41,296.0028571428571
2017-09-26,288.77,294.41,294.41,294.41,296.0028571428571
2017-09-27,309.85,294.41,294.41,294.41,296.0028571428571
2017-09-28,302.33,294.41,294.41,294.41,296.0028571428571
2017-09-29,291.88,294.41,294.41,294.41,296.0028571428571
2017-09-30,301.57,294.41,294.41,294.41,296.0028571428571
2017-10-01,303.25,296.72,296.72,296.72,299.7242857142857
2017-10-02,296.72,296.72,296.72,296.72,299.7242857142857
2017-10-03,292.36,296.72,296.72,296.72,299.7242857142857
2017-10-04,292,296.72,296.72,296.72,299.7242857142857
2017-10-05,294.89,296.72,296.72,296.72,299.7242857142857
2017-10-06,307.73,296.72,296.72,296.72,299.7242857142857
2017-10-07,311.12,296.72,296.72,296.72,299.7242857142857
2017-10-08,309.2,302.12,302.12,302.12,311.7957142857143
2017-10-09,297,302.12,302.12,302.12,311.7957142857143
2017-10-10,297.99,302.12,302.12,302.12,311.7957142857143
2017-10-11,302,302.12,302.12,302.12,311.7957142857143
2017-10-12,302.12,302.12,302.12,302.12,311.7957142857143
2017-10-13,335.89,302.12,302.12,302.12,311.7957142857143
2017-10-14,338.37,302.12,302.12,302.12,311.7957142857143
2017-10-15,336.89,313.59,313.59,313.59,316.05428571428575
2017-10-16,334.36,313.59,313.59,313.59,316.05428571428575
2017-10-17,316.37,313.59,313.59,313.59,316.05428571428575
2017-10-18,313.59,313.59,313.59,313.59,316.05428571428575
2017-10-19,308.02,313.59,313.59,313.59,316.05428571428575
2017-10-20,303.15,313.59,313.59,313.59,316.05428571428575
2017-10-21,300,313.59,313.59,313.59,316.05428571428575
2017-10-22,295.14,295.98,295.98,295.98,294.7714285714286
2017-10-23,285.83,295.98,295.98,295.98,294.7714285714286
2017-10-24,296.99,295.98,295.98,295.98,294.7714285714286
2017-10-25,296.76,295.98,295.98,295.98,294.7714285714286
2017-10-26,295.98,295.98,295.98,295.98,294.7714285714286
2017-10-27,297.59,295.98,295.98,295.98,294.7714285714286
2017-10-28,295.11,295.98,295.98,295.98,294.7714285714286
2017-10-29,303.38,303.38,303.38,303.38,299.66285714285715
2017-10-30,306.87,303.38,303.38,303.38,299.66285714285715
2017-10-31,303.51,303.38,303.38,303.38,299.66285714285715
2017-11-01,290.82,303.38,303.38,303.38,299.66285714285715
2017-11-02,285.4,303.38,303.38,303.38,299.66285714285715
2017-11-03,306,303.38,303.38,303.38,299.66285714285715
2017-11-04,301.66,303.38,303.38,303.38,299.66285714285715
2017-11-05,296.57,298.04,298.04,298.04,304.0957142857143
2017-11-06,297.32,298.04,298.04,298.04,304.0957142857143
2017-11-07,292.42,298.04,298.04,298.04,304.0957142857143
2017-11-08,307.91,298.04,298.04,298.04,304.0957142857143
2017-11-09,320.72,298.04,298.04,298.04,304.0957142857143
2017-11-10,298.04,298.04,298.04,298.04,304.0957142857143
2017-11-11,315.69,298.04,298.04,298.04,304.0957142857143
2017-11-12,307.1,331.81,331.81,331.81,328.3757142857143
2017-11-13,315.56,331.81,331.81,331.81,328.3757142857143
2017-11-14,335.04,331.81,331.81,331.81,328.3757142857143
2017-11-15,331.81,331.81,331.81,331.81,328.3757142857143
2017-11-16,330.21,331.81,331.81,331.81,328.3757142857143
2017-11-17,332.31,331.81,331.81,331.81,328.3757142857143
2017-11-18,346.6,331.81,331.81,331.81,328.3757142857143
2017-11-19,354.59,381.73,381.73,381.73,401.48999999999995
2017-11-20,368.24,381.73,381.73,381.73,401.48999999999995
2017-11-21,361.51,381.73,381.73,381.73,401.48999999999995
2017-11-22,381.73,381.73,381.73,381.73,401.48999999999995
2017-11-23,406.61,381.73,381.73,381.73,401.48999999999995
2017-11-24,470.98,381.73,381.73,381.73,401.48999999999995
2017-11-25,466.77,381.73,381.73,381.73,401.48999999999995
2017-11-26,473.99,463.82,463.82,463.82,458.88714285714286
2017-11-27,477.53,463.82,463.82,463.82,458.88714285714286
2017-11-28,468.52,463.82,463.82,463.82,458.88714285714286
2017-11-29,434.01,463.82,463.82,463.82,458.88714285714286
2017-11-30,434,463.82,463.82,463.82,458.88714285714286
2017-12-01,463.82,463.82,463.82,463.82,458.88714285714286
2017-12-02,460.34,463.82,463.82,463.82,458.88714285714286
2017-12-03,465,463.45,463.45,463.45,457.8257142857143
2017-12-04,468.22,463.45,463.45,463.45,457.8257142857143
2017-12-05,457.3,463.45,463.45,463.45,457.8257142857143
2017-12-06,432.49,463.45,463.45,463.45,457.8257142857143
2017-12-07,433.28,463.45,463.45,463.45,457.8257142857143
2017-12-08,463.45,463.45,463.45,463.45,457.8257142857143
2017-12-09,485.04,463.45,463.45,463.45,457.8257142857143
2017-12-10,447.51,693.5,693.5,693.5,638.0528571428571
2017-12-11,518,693.5,693.5,693.5,638.0528571428571
2017-12-12,686.82,693.5,693.5,693.5,638.0528571428571
2017-12-13,711.94,693.5,693.5,693.5,638.0528571428571
2017-12-14,705.01,693.5,693.5,693.5,638.0528571428571
2017-12-15,693.5,693.5,693.5,693.5,638.0528571428571
2017-12-16,703.59,693.5,693.5,693.5,638.0528571428571
2017-12-17,732.18,785.65,785.65,785.65,765.6042857142857
2017-12-18,785.65,785.65,785.65,785.65,765.6042857142857
2017-12-19,826.65,785.65,785.65,785.65,765.6042857142857
2017-12-20,802.86,785.65,785.65,785.65,765.6042857142857
2017-12-21,796.98,785.65,785.65,785.65,765.6042857142857
2017-12-22,682.11,785.65,785.65,785.65,765.6042857142857
2017-12-23,732.8,785.65,785.65,785.65,765.6042857142857
2017-12-24,697.04,739.99,739.99,739.99,730.2242857142857
2017-12-25,740.5,739.99,739.99,739.99,730.2242857142857
2017-12-26,755.07,739.99,739.99,739.99,730.2242857142857
2017-12-27,739.99,739.99,739.99,739.99,730.2242857142857
2017-12-28,719.5,739.99,739.99,739.99,730.2242857142857
2017-12-29,748.89,739.99,739.99,739.99,730.2242857142857
2017-12-30,710.58,739.99,739.99,739.99,730.2242857142857
2017-12-31,741.27,741.27,741.27,741.27,741.27
2018-01-01,759.03,938.31,949.0,943.655,914.5483333333333
2018-01-02,865,938.31,949.0,943.655,914.5483333333333
2018-01-03,938.31,938.31,949.0,943.655,914.5483333333333
2018-01-04,949,938.31,949.0,943.655,914.5483333333333
2018-01-05,969.27,938.31,949.0,943.655,914.5483333333333
2018-01-06,1006.68,938.31,949.0,943.655,914.5483333333333
2018-01-07,1118.3,1246.94,1246.94,1246.94,1225.0414285714287
2018-01-08,1137.01,1246.94,1246.94,1246.94,1225.0414285714287
2018-01-09,1290.01,1246.94,1246.94,1246.94,1225.0414285714287
2018-01-10,1246.94,1246.94,1246.94,1246.94,1225.0414285714287
2018-01-11,1137.01,1246.94,1246.94,1246.94,1225.0414285714287
2018-01-12,1260,1246.94,1246.94,1246.94,1225.0414285714287
2018-01-13,1386.02,1246.94,1246.94,1246.94,1225.0414285714287
2018-01-14,1365.46,1080.0,1080.0,1080.0,1137.9142857142856
2018-01-15,1278.63,1080.0,1080.0,1080.0,1137.9142857142856
2018-01-16,1080,1080.0,1080.0,1080.0,1137.9142857142856
2018-01-17,1028.06,1080.0,1080.0,1080.0,1137.9142857142856
2018-01-18,1025.78,1080.0,1080.0,1080.0,1137.9142857142856
2018-01-19,1037.45,1080.0,1080.0,1080.0,1137.9142857142856
2018-01-20,1150.02,1080.0,1080.0,1080.0,1137.9142857142856
2018-01-21,1047.13,1045.57,1045.57,1045.57,1039.0571428571427
2018-01-22,999.68,1045.57,1045.57,1045.57,1039.0571428571427
2018-01-23,984.03,1045.57,1045.57,1045.57,1039.0571428571427
2018-01-24,1056.99,1045.57,1045.57,1045.57,1039.0571428571427
2018-01-25,1040,1045.57,1045.57,1045.57,1039.0571428571427
2018-01-26,1045.57,1045.57,1045.57,1045.57,1039.0571428571427
2018-01-27,1100,1045.57,1045.57,1045.57,1039.0571428571427
2018-01-28,1215.01,1054.39,1054.39,1054.39,1062.2214285714285
2018-01-29,1162.27,1054.39,1054.39,1054.39,1062.2214285714285
2018-01-30,1054.39,1054.39,1054.39,1054.39,1062.2214285714285
2018-01-31,1105.01,1054.39,1054.39,1054.39,1062.2214285714285
2018-02-01,1017.48,1054.39,1054.39,1054.39,1062.2214285714285
2018-02-02,911.99,1054.39,1054.39,1054.39,1062.2214285714285
2018-02-03,969.4,1054.39,1054.39,1054.39,1062.2214285714285
2018-02-04,826,812.0,812.0,812.0,798.6957142857143
2018-02-05,693.54,812.0,812.0,812.0,798.6957142857143
2018-02-06,783.83,812.0,812.0,812.0,798.6957142857143
2018-02-07,750.04,812.0,812.0,812.0,798.6957142857143
2018-02-08,812,812.0,812.0,812.0,798.6957142857143
2018-02-09,875.99,812.0,812.0,812.0,798.6957142857143
2018-02-10,849.47,812.0,812.0,812.0,798.6957142857143
2018-02-11,811.35,920.26,920.26,920.26,896.6871428571428
2018-02-12,864.4,920.26,920.26,920.26,896.6871428571428
2018-02-13,840.49,920.26,920.26,920.26,896.6871428571428
2018-02-14,920.26,920.26,920.26,920.26,896.6871428571428
2018-02-15,929.3,920.26,920.26,920.26,896.6871428571428
2018-02-16,936.02,920.26,920.26,920.26,896.6871428571428
2018-02-17,974.99,920.26,920.26,920.26,896.6871428571428
2018-02-18,912.41,854.01,854.01,854.01,867.1042857142857
2018-02-19,939.01,854.01,854.01,854.01,867.1042857142857
2018-02-20,884.76,854.01,854.01,854.01,867.1042857142857
2018-02-21,840.34,854.01,854.01,854.01,867.1042857142857
2018-02-22,806,854.01,854.01,854.01,867.1042857142857
2018-02-23,854.01,854.01,854.01,854.01,867.1042857142857
2018-02-24,833.2,854.01,854.01,854.01,867.1042857142857
2018-02-25,841.96,854.34,854.34,854.34,858.2142857142857
2018-02-26,867.09,854.34,854.34,854.34,858.2142857142857
2018-02-27,871.07,854.34,854.34,854.34,858.2142857142857
2018-02-28,849.99,854.34,854.34,854.34,858.2142857142857
2018-03-01,868.74,854.34,854.34,854.34,858.2142857142857
2018-03-02,854.31,854.34,854.34,854.34,858.2142857142857
2018-03-03,854.34,854.34,854.34,854.34,858.2142857142857
2018-03-04,861.74,751.38,751.38,751.38,769.8042857142857
2018-03-05,848.83,751.38,751.38,751.38,769.8042857142857
2018-03-06,815.43,751.38,751.38,751.38,769.8042857142857
2018-03-07,751.38,751.38,751.38,751.38,769.8042857142857
2018-03-08,698.83,751.38,751.38,751.38,769.8042857142857
2018-03-09,728.82,751.38,751.38,751.38,769.8042857142857
2018-03-10,683.6,751.38,751.38,751.38,769.8042857142857
2018-03-11,719.8,614.62,614.62,614.62,640.41
2018-03-12,696.51,614.62,614.62,614.62,640.41
2018-03-13,690.39,614.62,614.62,614.62,640.41
2018-03-14,614.62,614.62,614.62,614.62,640.41
2018-03-15,610.99,614.62,614.62,614.62,640.41
2018-03-16,600.77,614.62,614.62,614.62,640.41
2018-03-17,549.79,614.62,614.62,614.62,640.41
2018-03-18,538,543.04,543.04,543.04,544.8614285714285
2018-03-19,555.55,543.04,543.04,543.04,544.8614285714285
2018-03-20,558,543.04,543.04,543.04,544.8614285714285
2018-03-21,559.98,543.04,543.04,543.04,544.8614285714285
2018-03-22,539.89,543.04,543.04,543.04,544.8614285714285
2018-03-23,543.04,543.04,543.04,543.04,544.8614285714285
2018-03-24,519.57,543.04,543.04,543.04,544.8614285714285
2018-03-25,522.55,445.47,445.47,445.47,439.4371428571429
2018-03-26,486.75,445.47,445.47,445.47,439.4371428571429
2018-03-27,449,445.47,445.47,445.47,439.4371428571429
2018-03-28,445.47,445.47,445.47,445.47,439.4371428571429
2018-03-29,383.29,445.47,445.47,445.47,439.4371428571429
2018-03-30,394.46,445.47,445.47,445.47,439.4371428571429
2018-03-31,394.54,445.47,445.47,445.47,439.4371428571429
2018-04-01,378.18,381.26,381.26,381.26,384.73999999999995
2018-04-02,384,381.26,381.26,381.26,384.73999999999995
2018-04-03,416.38,381.26,381.26,381.26,384.73999999999995
2018-04-04,378.43,381.26,381.26,381.26,384.73999999999995
2018-04-05,381.26,381.26,381.26,381.26,384.73999999999995
2018-04-06,370.32,381.26,381.26,381.26,384.73999999999995
2018-04-07,384.61,381.26,381.26,381.26,384.73999999999995
2018-04-08,399.9,430.81,430.81,430.81,447.9985714285714
2018-04-09,398.8,430.81,430.81,430.81,447.9985714285714
2018-04-10,415.45,430.81,430.81,430.81,447.9985714285714
2018-04-11,430.81,430.81,430.81,430.81,447.9985714285714
2018-04-12,493.41,430.81,430.81,430.81,447.9985714285714
2018-04-13,495.22,430.81,430.81,430.81,447.9985714285714
2018-04-14,502.4,430.81,430.81,430.81,447.9985714285714
2018-04-15,533.74,533.74,533.74,533.74,551.85
2018-04-16,511.28,533.74,533.74,533.74,551.85
2018-04-17,502.42,533.74,533.74,533.74,551.85
2018-04-18,525.89,533.74,533.74,533.74,551.85
2018-04-19,567.29,533.74,533.74,533.74,551.85
2018-04-20,617.17,533.74,533.74,533.74,551.85
2018-04-21,605.16,533.74,533.74,533.74,551.85
2018-04-22,620.07,642.85,642.85,642.85,652.7942857142858
2018-04-23,642.85,642.85,642.85,642.85,652.7942857142858
2018-04-24,703.38,642.85,642.85,642.85,652.7942857142858
2018-04-25,617.49,642.85,642.85,642.85,652.7942857142858
2018-04-26,661,642.85,642.85,642.85,652.7942857142858
2018-04-27,642.77,642.85,642.85,642.85,652.7942857142858
2018-04-28,682,642.85,642.85,642.85,652.7942857142858
2018-04-29,687.51,687.51,687.51,687.51,726.2299999999999
2018-04-30,669.81,687.51,687.51,687.51,726.2299999999999
2018-05-01,670.75,687.51,687.51,687.51,726.2299999999999
2018-05-02,685.02,687.51,687.51,687.51,726.2299999999999
2018-05-03,775.51,687.51,687.51,687.51,726.2299999999999
2018-05-04,783.01,687.51,687.51,687.51,726.2299999999999
2018-05-05,812,687.51,687.51,687.51,726.2299999999999
2018-05-06,784.33,746.99,746.99,746.99,731.4242857142857
2018-05-07,752.43,746.99,746.99,746.99,731.4242857142857
2018-05-08,746.99,746.99,746.99,746.99,731.4242857142857
2018-05-09,750,746.99,746.99,746.99,731.4242857142857
2018-05-10,723.51,746.99,746.99,746.99,731.4242857142857
2018-05-11,678.05,746.99,746.99,746.99,731.4242857142857
2018-05-12,684.66,746.99,746.99,746.99,731.4242857142857
2018-05-13,729.29,706.08,706.08,706.08,704.1057142857143
2018-05-14,726.9,706.08,706.08,706.08,704.1057142857143
2018-05-15,706.08,706.08,706.08,706.08,704.1057142857143
2018-05-16,707.45,706.08,706.08,706.08,704.1057142857143
2018-05-17,668.56,706.08,706.08,706.08,704.1057142857143
2018-05-18,694.5,706.08,706.08,706.08,704.1057142857143
2018-05-19,695.96,706.08,706.08,706.08,704.1057142857143
2018-05-20,714,602.64,602.64,602.64,628.5885714285714
2018-05-21,696.77,602.64,602.64,602.64,628.5885714285714
2018-05-22,640.5,602.64,602.64,602.64,628.5885714285714
2018-05-23,577.2,602.64,602.64,602.64,628.5885714285714
2018-05-24,602.64,602.64,602.64,602.64,628.5885714285714
2018-05-25,584.02,602.64,602.64,602.64,628.5885714285714
2018-05-26,584.99,602.64,602.64,602.64,628.5885714285714
2018-05-27,570.75,570.75,570.75,570.75,564.63
2018-05-28,511.33,570.75,570.75,570.75,564.63
2018-05-29,566.66,570.75,570.75,570.75,564.63
2018-05-30,557.22,570.75,570.75,570.75,564.63
2018-05-31,577.1,570.75,570.75,570.75,564.63
2018-06-01,578.89,570.75,570.75,570.75,564.63
2018-06-02,590.46,570.75,570.75,570.75,564.63
2018-06-03,618.63,603.56,603.56,603.56,602.78
2018-06-04,591.5,603.56,603.56,603.56,602.78
2018-06-05,607.6,603.56,603.56,603.56,602.78
2018-06-06,606.18,603.56,603.56,603.56,602.78
2018-06-07,603.56,603.56,603.56,603.56,602.78
2018-06-08,598.59,603.56,603.56,603.56,602.78
2018-06-09,593.4,603.56,603.56,603.56,602.78
2018-06-10,525.25,497.31,497.31,497.31,504.5142857142857
2018-06-11,531.68,497.31,497.31,497.31,504.5142857142857
2018-06-12,494.14,497.31,497.31,497.31,504.5142857142857
2018-06-13,476.02,497.31,497.31,497.31,504.5142857142857
2018-06-14,519.75,497.31,497.31,497.31,504.5142857142857
2018-06-15,487.45,497.31,497.31,497.31,504.5142857142857
2018-06-16,497.31,497.31,497.31,497.31,504.5142857142857
2018-06-17,496.5,517.47,517.47,517.47,507.30428571428575
2018-06-18,517.47,517.47,517.47,517.47,507.30428571428575
2018-06-19,538.5,517.47,517.47,517.47,507.30428571428575
2018-06-20,535.99,517.47,517.47,517.47,507.30428571428575
2018-06-21,525.49,517.47,517.47,517.47,507.30428571428575
2018-06-22,462.01,517.47,517.47,517.47,507.30428571428575
2018-06-23,475.17,517.47,517.47,517.47,507.30428571428575
2018-06-24,454.79,441.41,441.41,441.41,441.6542857142857
2018-06-25,458.41,441.41,441.41,441.41,441.6542857142857
2018-06-26,429.08,441.41,441.41,441.41,441.6542857142857
2018-06-27,441.41,441.41,441.41,441.41,441.6542857142857
2018-06-28,420.0,441.41,441.41,441.41,441.6542857142857
2018-06-29,434.6,441.41,441.41,441.41,441.6542857142857
2018-06-30,453.29,441.41,441.41,441.41,441.6542857142857
2018-07-01,451.43,467.25,467.25,467.25,468.20714285714286
2018-07-02,476.34,467.25,467.25,467.25,468.20714285714286
2018-07-03,461.75,467.25,467.25,467.25,468.20714285714286
2018-07-04,466.9,467.25,467.25,467.25,468.20714285714286
2018-07-05,467.25,467.25,467.25,467.25,468.20714285714286
2018-07-06,469.3,467.25,467.25,467.25,468.20714285714286
2018-07-07,484.48,467.25,467.25,467.25,468.20714285714286
2018-07-08,486.08,434.13,434.13,434.13,447.8442857142857
2018-07-09,471.6,434.13,434.13,434.13,447.8442857142857
2018-07-10,432.59,434.13,434.13,434.13,447.8442857142857
2018-07-11,446.25,434.13,434.13,434.13,447.8442857142857
2018-07-12,431.46,434.13,434.13,434.13,447.8442857142857
2018-07-13,432.8,434.13,434.13,434.13,447.8442857142857
2018-07-14,434.13,434.13,434.13,434.13,447.8442857142857
2018-07-15,449.41,468.39,468.39,468.39,469.0728571428572
2018-07-16,478.18,468.39,468.39,468.39,469.0728571428572
2018-07-17,499.01,468.39,468.39,468.39,469.0728571428572
2018-07-18,478.81,468.39,468.39,468.39,469.0728571428572
2018-07-19,468.39,468.39,468.39,468.39,469.0728571428572
2018-07-20,448.21,468.39,468.39,468.39,469.0728571428572
2018-07-21,461.5,468.39,468.39,468.39,469.0728571428572
2018-07-22,456.9,468.12,468.12,468.12,464.9057142857143
2018-07-23,449.0,468.12,468.12,468.12,464.9057142857143
2018-07-24,478.79,468.12,468.12,468.12,464.9057142857143
2018-07-25,470.81,468.12,468.12,468.12,464.9057142857143
2018-07-26,461.42,468.12,468.12,468.12,464.9057142857143
2018-07-27,469.3,468.12,468.12,468.12,464.9057142857143
2018-07-28,468.12,468.12,468.12,468.12,464.9057142857143
2018-07-29,466.01,419.6,419.6,419.6,429.98999999999995
2018-07-30,456.46,419.6,419.6,419.6,429.98999999999995
2018-07-31,432.35,419.6,419.6,419.6,429.98999999999995
2018-08-01,419.6,419.6,419.6,419.6,429.98999999999995
2018-08-02,410.71,419.6,419.6,419.6,429.98999999999995
2018-08-03,417.8,419.6,419.6,419.6,429.98999999999995
2018-08-04,407.0,419.6,419.6,419.6,429.98999999999995
2018-08-05,408.83,363.99,363.99,363.99,365.8
2018-08-06,404.99,363.99,363.99,363.99,365.8
2018-08-07,378.08,363.99,363.99,363.99,365.8
2018-08-08,355.7,363.99,363.99,363.99,365.8
2018-08-09,363.99,363.99,363.99,363.99,365.8
2018-08-10,330.99,363.99,363.99,363.99,365.8
2018-08-11,318.02,363.99,363.99,363.99,365.8
2018-08-12,318.15,286.67,286.67,286.67,294.8128571428571
2018-08-13,284.11,286.67,286.67,286.67,294.8128571428571
2018-08-14,279.4,286.67,286.67,286.67,294.8128571428571
2018-08-15,281.21,286.67,286.67,286.67,294.8128571428571
2018-08-16,286.67,286.67,286.67,286.67,294.8128571428571
2018-08-17,317.54,286.67,286.67,286.67,294.8128571428571
2018-08-18,296.61,286.67,286.67,286.67,294.8128571428571
2018-08-19,300.03,277.97,277.97,277.97,279.7057142857143
2018-08-20,270.76,277.97,277.97,277.97,279.7057142857143
2018-08-21,281.49,277.97,277.97,277.97,279.7057142857143
2018-08-22,270.47,277.97,277.97,277.97,279.7057142857143
2018-08-23,275.87,277.97,277.97,277.97,279.7057142857143
2018-08-24,281.35,277.97,277.97,277.97,279.7057142857143
2018-08-25,277.97,277.97,277.97,277.97,279.7057142857143
2018-08-26,274.25,287.99,287.99,287.99,286.81857142857143
2018-08-27,287.99,287.99,287.99,287.99,286.81857142857143
2018-08-28,295.39,287.99,287.99,287.99,286.81857142857143
2018-08-29,289.0,287.99,287.99,287.99,286.81857142857143
2018-08-30,284.52,287.99,287.99,287.99,286.81857142857143
2018-08-31,281.94,287.99,287.99,287.99,286.81857142857143
2018-09-01,294.64,287.99,287.99,287.99,286.81857142857143
2018-09-02,295.06,229.03,229.03,229.03,248.27
2018-09-03,288.6,229.03,229.03,229.03,248.27
2018-09-04,285.43,229.03,229.03,229.03,248.27
2018-09-05,227.56,229.03,229.03,229.03,248.27
2018-09-06,229.03,229.03,229.03,229.03,248.27
2018-09-07,215.21,229.03,229.03,229.03,248.27
2018-09-08,197.0,229.03,229.03,229.03,248.27
2018-09-09,195.91,196.94,196.94,196.94,200.55285714285714
2018-09-10,196.94,196.94,196.94,196.94,200.55285714285714
2018-09-11,185.15,196.94,196.94,196.94,200.55285714285714
2018-09-12,182.79,196.94,196.94,196.94,200.55285714285714
2018-09-13,211.39,196.94,196.94,196.94,200.55285714285714
2018-09-14,210.0,196.94,196.94,196.94,200.55285714285714
2018-09-15,221.69,196.94,196.94,196.94,200.55285714285714
2018-09-16,220.19,220.19,220.19,220.19,221.04999999999998
2018-09-17,195.97,220.19,220.19,220.19,221.04999999999998
2018-09-18,208.5,220.19,220.19,220.19,221.04999999999998
2018-09-19,209.81,220.19,220.19,220.19,221.04999999999998
2018-09-20,224.41,220.19,220.19,220.19,221.04999999999998
2018-09-21,247.76,220.19,220.19,220.19,221.04999999999998
2018-09-22,240.71,220.19,220.19,220.19,221.04999999999998
2018-09-23,244.35,228.01,228.01,228.01,226.62571428571428
2018-09-24,228.01,228.01,228.01,228.01,226.62571428571428
2018-09-25,219.19,228.01,228.01,228.01,226.62571428571428
2018-09-26,214.15,228.01,228.01,228.01,226.62571428571428
2018-09-27,229.0,228.01,228.01,228.01,226.62571428571428
2018-09-28,220.67,228.01,228.01,228.01,226.62571428571428
2018-09-29,231.01,228.01,228.01,228.01,226.62571428571428
2018-09-30,232.27,224.85,224.85,224.85,225.46714285714285
2018-10-01,230.4,224.85,224.85,224.85,225.46714285714285
2018-10-02,224.85,224.85,224.85,224.85,225.46714285714285
2018-10-03,219.01,224.85,224.85,224.85,225.46714285714285
2018-10-04,221.0,224.85,224.85,224.85,225.46714285714285
2018-10-05,226.89,224.85,224.85,224.85,225.46714285714285
2018-10-06,223.85,224.85,224.85,224.85,225.46714285714285
2018-10-07,224.82,223.61,223.61,223.61,211.62857142857143
2018-10-08,227.68,223.61,223.61,223.61,211.62857142857143
2018-10-09,226.15,223.61,223.61,223.61,211.62857142857143
2018-10-10,223.61,223.61,223.61,223.61,211.62857142857143
2018-10-11,188.32,223.61,223.61,223.61,211.62857142857143
2018-10-12,194.1,223.61,223.61,223.61,211.62857142857143
2018-10-13,196.72,223.61,223.61,223.61,211.62857142857143
2018-10-14,191.87,202.69,202.69,202.69,200.99
2018-10-15,204.53,202.69,202.69,202.69,200.99
2018-10-16,205.43,202.69,202.69,202.69,200.99
2018-10-17,203.21,202.69,202.69,202.69,200.99
2018-10-18,199.2,202.69,202.69,202.69,200.99
2018-10-19,200.0,202.69,202.69,202.69,200.99
2018-10-20,202.69,202.69,202.69,202.69,200.99
2018-10-21,202.12,201.12,201.12,201.12,200.99714285714285
2018-10-22,201.25,201.12,201.12,201.12,200.99714285714285
2018-10-23,201.12,201.12,201.12,201.12,200.99714285714285
2018-10-24,200.68,201.12,201.12,201.12,200.99714285714285
2018-10-25,199.65,201.12,201.12,201.12,200.99714285714285
2018-10-26,200.7,201.12,201.12,201.12,200.99714285714285
2018-10-27,201.46,201.12,201.12,201.12,200.99714285714285
2018-10-28,202.43,197.96,197.96,197.96,197.87142857142857
2018-10-29,194.31,197.96,197.96,197.96,197.87142857142857
2018-10-30,195.35,197.96,197.96,197.96,197.87142857142857
2018-10-31,196.95,197.96,197.96,197.96,197.87142857142857
2018-11-01,197.96,197.96,197.96,197.96,197.87142857142857
2018-11-02,199.75,197.96,197.96,197.96,197.87142857142857
2018-11-03,198.35,197.96,197.96,197.96,197.87142857142857
2018-11-04,210.06,210.29,210.29,210.29,211.81714285714287
2018-11-05,208.53,210.29,210.29,210.29,211.81714285714287
2018-11-06,218.65,210.29,210.29,210.29,211.81714285714287
2018-11-07,216.84,210.29,210.29,210.29,211.81714285714287
2018-11-08,210.34,210.29,210.29,210.29,211.81714285714287
2018-11-09,208.01,210.29,210.29,210.29,211.81714285714287
2018-11-10,210.29,210.29,210.29,210.29,211.81714285714287
2018-11-11,209.88,178.89,178.89,178.89,189.06
2018-11-12,208.77,178.89,178.89,178.89,189.06
2018-11-13,203.2,178.89,178.89,178.89,189.06
2018-11-14,177.79,178.89,178.89,178.89,189.06
2018-11-15,178.89,178.89,178.89,178.89,189.06
2018-11-16,172.4,178.89,178.89,178.89,189.06
2018-11-17,172.49,178.89,178.89,178.89,189.06
2018-11-18,175.87,127.55,127.55,127.55,134.03
2018-11-19,145.21,127.55,127.55,127.55,134.03
2018-11-20,127.55,127.55,127.55,127.55,134.03
2018-11-21,134.73,127.55,127.55,127.55,134.03
2018-11-22,123.25,127.55,127.55,127.55,134.03
2018-11-23,121.44,127.55,127.55,127.55,134.03
2018-11-24,110.16,127.55,127.55,127.55,134.03
2018-11-25,114.3,114.3,114.3,114.3,113.82000000000001
2018-11-26,106.95,114.3,114.3,114.3,113.82000000000001
2018-11-27,108.7,114.3,114.3,114.3,113.82000000000001
2018-11-28,121.94,114.3,114.3,114.3,113.82000000000001
2018-11-29,116.38,114.3,114.3,114.3,113.82000000000001
2018-11-30,111.65,114.3,114.3,114.3,113.82000000000001
2018-12-01,116.82,114.3,114.3,114.3,113.82000000000001
2018-12-02,114.76,100.76,100.76,100.76,100.41
2018-12-03,107.21,100.76,100.76,100.76,100.41
2018-12-04,108.61,100.76,100.76,100.76,100.41
2018-12-05,100.76,100.76,100.76,100.76,100.41
2018-12-06,89.09,100.76,100.76,100.76,100.41
2018-12-07,92.45,100.76,100.76,100.76,100.41
2018-12-08,89.99,100.76,100.76,100.76,100.41
2018-12-09,92.79,86.96,86.96,86.96,87.06428571428572
2018-12-10,89.23,86.96,86.96,86.96,87.06428571428572
2018-12-11,86.96,86.96,86.96,86.96,87.06428571428572
2018-12-12,89.09,86.96,86.96,86.96,87.06428571428572
2018-12-13,85.35,86.96,86.96,86.96,87.06428571428572
2018-12-14,83.0,86.96,86.96,86.96,87.06428571428572
2018-12-15,83.03,86.96,86.96,86.96,87.06428571428572
2018-12-16,83.74,101.0,101.0,101.0,102.31714285714285
2018-12-17,93.79,101.0,101.0,101.0,102.31714285714285
2018-12-18,101.0,101.0,101.0,101.0,102.31714285714285
2018-12-19,99.34,101.0,101.0,101.0,102.31714285714285
2018-12-20,114.52,101.0,101.0,101.0,102.31714285714285
2018-12-21,107.74,101.0,101.0,101.0,102.31714285714285
2018-12-22,116.09,101.0,101.0,101.0,102.31714285714285
2018-12-23,129.61,130.47,130.47,130.47,130.51285714285714
2018-12-24,139.09,130.47,130.47,130.47,130.51285714285714
2018-12-25,128.82,130.47,130.47,130.47,130.51285714285714
2018-12-26,130.47,130.47,130.47,130.47,130.51285714285714
2018-12-27,114.63,130.47,130.47,130.47,130.51285714285714
2018-12-28,136.82,130.47,130.47,130.47,130.51285714285714
2018-12-29,134.15,130.47,130.47,130.47,130.51285714285714
2018-12-30,138.78,130.53,138.78,134.655,134.655
2018-12-31,130.53,130.53,138.78,134.655,134.655
2019-01-01,139.75,153.24,153.24,153.24,149.586
2019-01-02,153.5,153.24,153.24,153.24,149.586
2019-01-03,147.23,153.24,153.24,153.24,149.586
2019-01-04,153.24,153.24,153.24,153.24,149.586
2019-01-05,154.21,153.24,153.24,153.24,149.586
2019-01-06,155.92,148.97,148.97,148.97,140.26285714285714
2019-01-07,150.62,148.97,148.97,148.97,140.26285714285714
2019-01-08,148.97,148.97,148.97,148.97,140.26285714285714
2019-01-09,149.5,148.97,148.97,148.97,140.26285714285714
2019-01-10,126.41,148.97,148.97,148.97,140.26285714285714
2019-01-11,125.83,148.97,148.97,148.97,140.26285714285714
2019-01-12,124.59,148.97,148.97,148.97,140.26285714285714
2019-01-13,115.58,122.12,122.12,122.12,121.61714285714287
2019-01-14,128.37,122.12,122.12,122.12,121.61714285714287
2019-01-15,120.0,122.12,122.12,122.12,121.61714285714287
2019-01-16,122.12,122.12,122.12,122.12,121.61714285714287
2019-01-17,122.55,122.12,122.12,122.12,121.61714285714287
2019-01-18,119.53,122.12,122.12,122.12,121.61714285714287
2019-01-19,123.17,122.12,122.12,122.12,121.61714285714287
2019-01-20,117.43,116.4,116.4,116.4,116.32571428571428
2019-01-21,115.86,116.4,116.4,116.4,116.32571428571428
2019-01-22,118.08,116.4,116.4,116.4,116.32571428571428
2019-01-23,116.55,116.4,116.4,116.4,116.32571428571428
2019-01-24,116.4,116.4,116.4,116.4,116.32571428571428
2019-01-25,114.95,116.4,116.4,116.4,116.32571428571428
2019-01-26,115.01,116.4,116.4,116.4,116.32571428571428
2019-01-27,111.35,105.88,105.88,105.88,107.05999999999999
2019-01-28,105.47,105.88,105.88,105.88,107.05999999999999
2019-01-29,104.02,105.88,105.88,105.88,107.05999999999999
2019-01-30,107.61,105.88,105.88,105.88,107.05999999999999
2019-01-31,105.79,105.88,105.88,105.88,107.05999999999999
2019-02-01,105.88,105.88,105.88,105.88,107.05999999999999
2019-02-02,109.3,105.88,105.88,105.88,107.05999999999999
2019-02-03,105.94,106.0,106.0,106.0,108.65857142857143
2019-02-04,106.08,106.0,106.0,106.0,108.65857142857143
2019-02-05,106.0,106.0,106.0,106.0,108.65857142857143
2019-02-06,103.36,106.0,106.0,106.0,108.65857142857143
2019-02-07,103.21,106.0,106.0,106.0,108.65857142857143
2019-02-08,117.96,106.0,106.0,106.0,108.65857142857143
2019-02-09,118.06,106.0,106.0,106.0,108.65857142857143
2019-02-10,123.94,120.74,120.74,120.74,120.91714285714285
2019-02-11,119.55,120.74,120.74,120.74,120.91714285714285
2019-02-12,120.82,120.74,120.74,120.74,120.91714285714285
2019-02-13,120.74,120.74,120.74,120.74,120.91714285714285
2019-02-14,119.39,120.74,120.74,120.74,120.91714285714285
2019-02-15,120.42,120.74,120.74,120.74,120.91714285714285
2019-02-16,121.56,120.74,120.74,120.74,120.91714285714285
2019-02-17,132.34,144.62,144.62,144.62,145.04142857142855
2019-02-18,144.62,144.62,144.62,144.62,145.04142857142855
2019-02-19,142.69,144.62,144.62,144.62,145.04142857142855
2019-02-20,147.19,144.62,144.62,144.62,145.04142857142855
2019-02-21,144.21,144.62,144.62,144.62,145.04142857142855
2019-02-22,146.68,144.62,144.62,144.62,145.04142857142855
2019-02-23,157.56,144.62,144.62,144.62,145.04142857142855
2019-02-24,131.76,134.48,134.48,134.48,134.43428571428572
2019-02-25,137.64,134.48,134.48,134.48,134.43428571428572
2019-02-26,135.66,134.48,134.48,134.48,134.43428571428572
2019-02-27,134.46,134.48,134.48,134.48,134.43428571428572
2019-02-28,134.48,134.48,134.48,134.48,134.43428571428572
2019-03-01,134.72,134.48,134.48,134.48,134.43428571428572
2019-03-02,132.32,134.48,134.48,134.48,134.43428571428572
2019-03-03,129.78,136.29,136.29,136.29,133.3957142857143
2019-03-04,125.24,136.29,136.29,136.29,133.3957142857143
2019-03-05,136.3,136.29,136.29,136.29,133.3957142857143
2019-03-06,137.0,136.29,136.29,136.29,133.3957142857143
2019-03-07,136.29,136.29,136.29,136.29,133.3957142857143
2019-03-08,132.75,136.29,136.29,136.29,133.3957142857143
2019-03-09,136.41,136.29,136.29,136.29,133.3957142857143
2019-03-10,134.66,132.8,132.8,132.8,134.07714285714286
2019-03-11,132.05,132.8,132.8,132.8,134.07714285714286
2019-03-12,132.8,132.8,132.8,132.8,134.07714285714286
2019-03-13,131.16,132.8,132.8,132.8,134.07714285714286
2019-03-14,131.4,132.8,132.8,132.8,134.07714285714286
2019-03-15,135.99,132.8,132.8,132.8,134.07714285714286
2019-03-16,140.48,132.8,132.8,132.8,134.07714285714286
2019-03-17,138.07,137.01,137.01,137.01,136.93142857142857
2019-03-18,137.01,137.01,137.01,137.01,136.93142857142857
2019-03-19,138.15,137.01,137.01,137.01,136.93142857142857
2019-03-20,138.73,137.01,137.01,137.01,136.93142857142857
2019-03-21,134.41,137.01,137.01,137.01,136.93142857142857
2019-03-22,135.63,137.01,137.01,137.01,136.93142857142857
2019-03-23,136.52,137.01,137.01,137.01,136.93142857142857
2019-03-24,135.37,137.46,137.46,137.46,137.59285714285716
2019-03-25,133.01,137.46,137.46,137.46,137.59285714285716
2019-03-26,133.28,137.46,137.46,137.46,137.59285714285716
2019-03-27,139.08,137.46,137.46,137.46,137.59285714285716
2019-03-28,137.46,137.46,137.46,137.46,137.59285714285716
2019-03-29,142.83,137.46,137.46,137.46,137.59285714285716
2019-03-30,142.12,137.46,137.46,137.46,137.59285714285716
2019-03-31,141.2,161.33,161.33,161.33,156.82
2019-04-01,141.0,161.33,161.33,161.33,156.82
2019-04-02,164.69,161.33,161.33,161.33,156.82
2019-04-03,161.33,161.33,161.33,161.33,156.82
2019-04-04,157.65,161.33,161.33,161.33,156.82
2019-04-05,166.08,161.33,161.33,161.33,156.82
2019-04-06,165.79,161.33,161.33,161.33,156.82
2019-04-07,174.84,174.84,175.83,175.335,173.025
2019-04-08,180.74,174.84,175.83,175.335,173.025
2019-04-09,175.83,174.84,175.83,175.335,173.025
2019-04-10,177.55,174.84,175.83,175.335,173.025
2019-04-11,164.92,174.84,175.83,175.335,173.025
2019-04-12,164.27,174.84,175.83,175.335,173.025
